{
  "Profiles" : [
    {
      "Ansi 4 Color (Dark)" : {
        "Green Component" : 0.52156862699999995,
        "Red Component" : 0.27058823500000001,
        "Blue Component" : 0.53333333299999997
      },
      "Ansi 7 Color (Dark)" : {
        "Green Component" : 0.59999999999999998,
        "Red Component" : 0.65882352899999996,
        "Blue Component" : 0.51764705899999996
      },
      "Name" : "Gruvbox Dev",
      "Non Ascii Font" : "JetBrainsMonoNF-Regular 14",
      "Columns" : 140,
      "Triggers" : [

      ],
      "Ansi 1 Color (Dark)" : {
        "Green Component" : 0.141176471,
        "Red Component" : 0.80000000000000004,
        "Blue Component" : 0.11372549
      },
      "Rows" : 40,
      "Bold Color (Dark)" : {
        "Green Component" : 0.85882352900000003,
        "Red Component" : 0.92156862699999997,
        "Blue Component" : 0.69803921599999996
      },
      "Shell Integration \/ Show Mark Indicators" : true,
      "Vertical Spacing" : 1.1000000000000001,
      "Dynamic Profile Parent Name" : "Default",
      "Selection Color (Dark)" : {
        "Green Component" : 0.28627450999999998,
        "Red Component" : 0.31372549,
        "Blue Component" : 0.26666666700000002
      },
      "Ansi 5 Color (Dark)" : {
        "Green Component" : 0.38431372499999999,
        "Red Component" : 0.694117647,
        "Blue Component" : 0.52549019600000002
      },
      "Ansi 8 Color (Dark)" : {
        "Green Component" : 0.51372549000000001,
        "Red Component" : 0.57254901999999996,
        "Blue Component" : 0.45490196100000002
      },
      "Send Idle Alert" : true,
      "Right Option Key Sends" : 2,
      "Foreground Color (Dark)" : {
        "Green Component" : 0.85882352900000003,
        "Red Component" : 0.92156862699999997,
        "Blue Component" : 0.69803921599999996
      },
      "Option Key Sends" : 2,
      "Ansi 2 Color (Dark)" : {
        "Green Component" : 0.59215686300000003,
        "Red Component" : 0.59607843100000002,
        "Blue Component" : 0.101960784
      },
      "Use Separate Colors for Light and Dark Mode" : true,
      "Guid" : "gruvbox-dev-profile-001",
      "Ansi 6 Color (Dark)" : {
        "Green Component" : 0.61568627499999995,
        "Red Component" : 0.40784313700000002,
        "Blue Component" : 0.41568627499999999
      },
      "Semantic History" : {
        "action" : "best editor",
        "editor" : "com.microsoft.VSCode"
      },
      "Ansi 9 Color (Dark)" : {
        "Green Component" : 0.28627450999999998,
        "Red Component" : 0.98431372500000003,
        "Blue Component" : 0.203921569
      },
      "Working Directory" : "~",
      "Cursor Color (Dark)" : {
        "Green Component" : 0.85799999999999998,
        "Red Component" : 0.92100000000000004,
        "Blue Component" : 0.69799999999999995
      },
      "Shell Integration \/ Insert Newline Before Command" : false,
      "Cursor Text Color (Dark)" : {
        "Green Component" : 0.156,
        "Red Component" : 0.156,
        "Blue Component" : 0.156
      },
      "Rewritable" : true,
      "Ansi 3 Color (Dark)" : {
        "Green Component" : 0.59999999999999998,
        "Red Component" : 0.84313725500000003,
        "Blue Component" : 0.12941176500000001
      },
      "Ansi 14 Color (Dark)" : {
        "Green Component" : 0.75294117599999999,
        "Red Component" : 0.55686274499999999,
        "Blue Component" : 0.48627450999999999
      },
      "Ansi 0 Color (Dark)" : {
        "Green Component" : 0.156862745,
        "Red Component" : 0.156862745,
        "Blue Component" : 0.156862745
      },
      "Smart Selection Rules" : [

      ],
      "Selected Text Color (Dark)" : {
        "Green Component" : 0.85882352900000003,
        "Red Component" : 0.92156862699999997,
        "Blue Component" : 0.69803921599999996
      },
      "Ansi 13 Color (Dark)" : {
        "Green Component" : 0.52549019600000002,
        "Red Component" : 0.82745097999999995,
        "Blue Component" : 0.60784313700000003
      },
      "Background Color (Dark)" : {
        "Green Component" : 0.156862745,
        "Red Component" : 0.156862745,
        "Blue Component" : 0.156862745
      },
      "Ansi 15 Color (Dark)" : {
        "Green Component" : 0.85882352900000003,
        "Red Component" : 0.92156862699999997,
        "Blue Component" : 0.69803921599999996
      },
      "Cursor Blink" : false,
      "Ansi 10 Color (Dark)" : {
        "Green Component" : 0.73333333300000003,
        "Red Component" : 0.72156862700000002,
        "Blue Component" : 0.149019608
      },
      "Scrollback Lines" : 50000,
      "Ansi 12 Color (Dark)" : {
        "Green Component" : 0.64705882400000003,
        "Red Component" : 0.51372549000000001,
        "Blue Component" : 0.59607843100000002
      },
      "Draw Powerline Glyphs" : true,
      "Custom Directory" : "Recycle",
      "Ansi 11 Color (Dark)" : {
        "Green Component" : 0.74117647099999995,
        "Red Component" : 0.98039215700000004,
        "Blue Component" : 0.18431372500000001
      },
      "Normal Font" : "JetBrainsMonoNF-Regular 14"
    }
  ]
}